timestamp,backend_cpu_pct,backend_rss_kb,jmeter_cpu_pct,jmeter_rss_kb
2026-08-12T17:53:20+0700,0.7,70688,1.3,399424
2026-08-12T17:53:21+0700,0.0,70688,4.3,373520
2026-08-12T17:53:22+0700,0.6,70688,0.3,374176
2026-08-12T17:53:23+0700,0.5,70720,6.4,376064
2026-08-12T17:53:24+0700,0.4,70768,11.3,377328
2026-08-12T17:53:25+0700,1.0,70784,3.9,378288
2026-08-12T17:53:26+0700,1.7,70912,0.3,380368
2026-08-12T17:53:27+0700,0.4,70960,0.0,379920
2026-08-12T17:53:28+0700,1.4,70960,0.0,379584
2026-08-12T17:53:29+0700,1.4,71040,0.0,379584
2026-08-12T17:53:31+0700,2.0,71040,0.0,379584
2026-08-12T17:53:32+0700,2.2,71136,0.0,379536
2026-08-12T17:53:33+0700,2.1,71232,0.0,379552
2026-08-12T17:53:34+0700,3.0,71312,0.1,379568
2026-08-12T17:53:35+0700,3.4,71360,0.0,379568
2026-08-12T17:53:36+0700,2.3,71440,0.0,379568
2026-08-12T17:53:37+0700,2.3,71552,0.0,379568
2026-08-12T17:53:38+0700,3.2,71616,0.0,379568
2026-08-12T17:53:39+0700,2.5,71712,0.6,379568
2026-08-12T17:53:40+0700,3.2,71792,0.0,379568
2026-08-12T17:53:41+0700,3.1,72928,0.0,379568
2026-08-12T17:53:42+0700,3.2,73008,0.0,379568
2026-08-12T17:53:43+0700,3.9,73120,0.0,379584
2026-08-12T17:53:44+0700,3.5,73248,0.0,379584
2026-08-12T17:53:45+0700,3.8,73408,0.0,379584
2026-08-12T17:53:46+0700,3.2,73504,0.0,379584
2026-08-12T17:53:47+0700,3.3,73728,0.0,379584
2026-08-12T17:53:49+0700,3.9,75392,0.1,379616
2026-08-12T17:53:50+0700,3.4,75504,0.0,378112
2026-08-12T17:53:51+0700,3.7,75696,0.4,378192
2026-08-12T17:53:52+0700,5.8,75888,0.0,378000
2026-08-12T17:53:53+0700,4.0,75888,0.1,378032
2026-08-12T17:53:54+0700,5.1,73008,0.0,361216
2026-08-12T17:53:55+0700,3.9,73568,0.0,361232
2026-08-12T17:53:56+0700,7.0,74560,0.0,361232
2026-08-12T17:53:57+0700,7.1,74576,0.0,361232
2026-08-12T17:53:58+0700,6.4,74656,0.0,360784
2026-08-12T17:53:59+0700,6.0,74672,0.0,360768
2026-08-12T17:54:00+0700,4.9,74688,0.0,359120
2026-08-12T17:54:01+0700,6.2,74704,0.0,357856
2026-08-12T17:54:02+0700,6.2,74800,0.0,357856
2026-08-12T17:54:03+0700,7.8,75504,0.0,357856
2026-08-12T17:54:04+0700,5.3,77776,0.0,357856
2026-08-12T17:54:05+0700,5.3,78288,0.0,357856
2026-08-12T17:54:07+0700,6.3,80048,0.0,357872
2026-08-12T17:54:08+0700,4.7,82000,0.0,357872
2026-08-12T17:54:09+0700,5.5,82160,0.0,357872
2026-08-12T17:54:10+0700,6.3,82576,0.0,357872
2026-08-12T17:54:11+0700,6.2,83008,0.0,357888
2026-08-12T17:54:12+0700,4.7,83056,0.0,357888
2026-08-12T17:54:13+0700,4.0,83104,0.0,357888
2026-08-12T17:54:14+0700,7.6,83104,0.0,357888
2026-08-12T17:54:15+0700,6.1,83168,0.0,357888
2026-08-12T17:54:16+0700,5.9,83168,0.0,357888
2026-08-12T17:54:17+0700,6.1,83168,0.0,357888
2026-08-12T17:54:18+0700,6.5,83232,0.0,357920
2026-08-12T17:54:19+0700,6.0,83232,0.0,357920
2026-08-12T17:54:20+0700,4.7,83584,0.0,357920
2026-08-12T17:54:21+0700,4.9,84368,0.0,357920
2026-08-12T17:54:22+0700,7.1,87392,0.0,357920
2026-08-12T17:54:23+0700,6.4,87504,0.0,357920
2026-08-12T17:54:24+0700,7.0,89024,0.0,357920
2026-08-12T17:54:25+0700,5.8,91984,0.0,357072
2026-08-12T17:54:27+0700,6.5,94832,0.0,357072
2026-08-12T17:54:28+0700,5.6,94864,0.0,356640
2026-08-12T17:54:29+0700,5.9,94912,0.0,356656
2026-08-12T17:54:30+0700,6.7,95392,0.0,356112
2026-08-12T17:54:31+0700,6.7,97280,0.0,356112
2026-08-12T17:54:32+0700,6.6,97504,0.0,356112
2026-08-12T17:54:33+0700,6.6,97888,0.0,356112
2026-08-12T17:54:34+0700,9.6,100160,0.0,356112
2026-08-12T17:54:35+0700,9.4,100336,0.0,356112
2026-08-12T17:54:36+0700,9.9,100736,0.0,356112
2026-08-12T17:54:37+0700,8.4,101232,0.0,356112
2026-08-12T17:54:38+0700,7.4,103216,0.0,356112
2026-08-12T17:54:39+0700,7.6,103488,0.0,356112
2026-08-12T17:54:40+0700,10.7,104496,0.0,356128
2026-08-12T17:54:41+0700,9.6,106736,0.0,356128
2026-08-12T17:54:42+0700,6.8,106752,0.1,356144
2026-08-12T17:54:43+0700,5.8,106768,0.0,356144
2026-08-12T17:54:44+0700,7.5,106832,0.0,356144
2026-08-12T17:54:45+0700,10.4,108176,0.0,356144
2026-08-12T17:54:46+0700,10.0,112128,0.0,356160
2026-08-12T17:54:48+0700,9.6,116224,0.0,356160
2026-08-12T17:54:49+0700,10.4,118832,0.0,356160
2026-08-12T17:54:50+0700,11.6,118944,0.0,356160
2026-08-12T17:54:51+0700,5.0,119104,0.0,356160
2026-08-12T17:54:52+0700,4.2,123120,0.0,356176
2026-08-12T17:54:53+0700,5.7,127376,0.0,356176
2026-08-12T17:54:54+0700,5.1,132192,0.0,356176
2026-08-12T17:54:55+0700,6.9,132336,0.0,355696
2026-08-12T17:54:56+0700,6.6,132336,0.0,355696
2026-08-12T17:54:57+0700,9.3,132336,0.0,355696
2026-08-12T17:54:58+0700,9.0,132352,0.0,355696
2026-08-12T17:54:59+0700,4.1,132848,0.0,355696
2026-08-12T17:55:00+0700,7.7,133888,0.0,355696
2026-08-12T17:55:01+0700,9.6,133888,0.0,355696
2026-08-12T17:55:02+0700,7.4,134368,0.0,355696
2026-08-12T17:55:03+0700,5.2,135088,0.0,355712
2026-08-12T17:55:04+0700,10.9,135744,0.0,355712
2026-08-12T17:55:05+0700,10.2,139648,0.0,355728
2026-08-12T17:55:06+0700,8.4,139600,0.0,355696
2026-08-12T17:55:08+0700,8.8,139536,0.0,355632
2026-08-12T17:55:09+0700,7.3,135744,0.0,355632
2026-08-12T17:55:10+0700,9.8,134544,0.0,355648
2026-08-12T17:55:11+0700,14.0,134656,0.0,355648
2026-08-12T17:55:12+0700,12.9,135184,0.0,355648
2026-08-12T17:55:13+0700,11.6,135200,0.0,355648
2026-08-12T17:55:14+0700,14.5,135248,0.0,355648
2026-08-12T17:55:15+0700,8.9,135376,0.0,355664
2026-08-12T17:55:16+0700,12.2,135728,0.0,355664
2026-08-12T17:55:17+0700,12.8,135728,0.0,355664
2026-08-12T17:55:18+0700,10.3,135728,0.0,355664
2026-08-12T17:55:19+0700,13.7,135744,0.0,355664
2026-08-12T17:55:20+0700,12.9,135760,0.0,355664
2026-08-12T17:55:21+0700,9.7,136112,0.0,355664
2026-08-12T17:55:22+0700,10.8,140400,0.0,355664
2026-08-12T17:55:23+0700,14.4,146144,0.1,355680
2026-08-12T17:55:24+0700,10.2,153072,0.0,355680
2026-08-12T17:55:25+0700,10.5,158976,0.3,355680
2026-08-12T17:55:26+0700,15.2,161136,0.0,355696
2026-08-12T17:55:28+0700,14.7,161168,0.0,355696
2026-08-12T17:55:29+0700,12.3,161200,0.0,355696
2026-08-12T17:55:30+0700,13.2,163472,0.0,355696
2026-08-12T17:55:31+0700,14.0,169200,0.0,355696
2026-08-12T17:55:32+0700,12.0,175104,0.0,355696
2026-08-12T17:55:33+0700,10.1,181776,0.0,355696
2026-08-12T17:55:34+0700,12.8,189264,0.0,355696
2026-08-12T17:55:35+0700,7.8,193760,0.0,355696
2026-08-12T17:55:36+0700,7.4,193792,0.0,355696
2026-08-12T17:55:37+0700,12.7,193792,0.0,355696
2026-08-12T17:55:38+0700,10.8,193792,0.0,355712
2026-08-12T17:55:39+0700,8.9,193792,0.0,355712
2026-08-12T17:55:40+0700,9.9,193840,0.0,355712
2026-08-12T17:55:41+0700,12.6,193888,0.0,355712
2026-08-12T17:55:42+0700,9.4,193952,0.0,355728
2026-08-12T17:55:43+0700,13.6,194224,0.0,355728
2026-08-12T17:55:44+0700,12.2,194224,0.0,355728
2026-08-12T17:55:45+0700,10.9,194224,0.0,355728
2026-08-12T17:55:46+0700,10.2,194224,0.0,355728
2026-08-12T17:55:47+0700,11.7,194384,0.0,355728
2026-08-12T17:55:49+0700,11.1,194416,0.0,355728
2026-08-12T17:55:50+0700,11.6,194432,0.0,355728
2026-08-12T17:55:51+0700,19.7,194816,0.0,355744
2026-08-12T17:55:52+0700,15.3,194816,0.0,355744
2026-08-12T17:55:53+0700,16.3,194816,0.0,355744
2026-08-12T17:55:54+0700,14.6,194816,0.0,355744
2026-08-12T17:55:55+0700,16.9,194848,0.0,355744
2026-08-12T17:55:56+0700,11.8,194848,0.0,355744
2026-08-12T17:55:57+0700,11.3,194928,0.0,355744
2026-08-12T17:55:58+0700,11.3,195008,0.0,355744
2026-08-12T17:55:59+0700,14.9,195152,0.0,355744
2026-08-12T17:56:00+0700,15.9,195232,0.0,355744
2026-08-12T17:56:01+0700,19.2,195296,0.0,355744
2026-08-12T17:56:02+0700,15.1,195344,0.0,355760
2026-08-12T17:56:03+0700,11.0,195344,0.0,355776
2026-08-12T17:56:04+0700,15.5,195360,0.0,355776
2026-08-12T17:56:05+0700,18.1,195536,0.0,355776
2026-08-12T17:56:06+0700,13.9,195584,0.0,355776
2026-08-12T17:56:07+0700,8.9,195584,0.0,355776
2026-08-12T17:56:09+0700,10.4,195616,0.0,355776
2026-08-12T17:56:10+0700,10.2,195648,0.0,355776
2026-08-12T17:56:11+0700,9.8,195648,0.0,355776
2026-08-12T17:56:12+0700,13.6,195648,0.0,355776
2026-08-12T17:56:13+0700,13.8,195680,0.0,355776
2026-08-12T17:56:14+0700,16.5,195792,0.0,355776
2026-08-12T17:56:15+0700,13.2,195872,0.0,355792
2026-08-12T17:56:16+0700,8.7,195968,0.0,355792
2026-08-12T17:56:17+0700,8.8,196000,0.0,355792
2026-08-12T17:56:18+0700,10.6,196032,0.0,355792
2026-08-12T17:56:19+0700,11.1,196048,0.0,355792
2026-08-12T17:56:20+0700,10.7,196096,0.0,355792
2026-08-12T17:56:21+0700,12.1,196160,0.0,355808
2026-08-12T17:56:22+0700,14.0,196160,0.0,355808
2026-08-12T17:56:23+0700,14.3,196160,0.0,355808
2026-08-12T17:56:24+0700,11.8,196160,0.0,355808
2026-08-12T17:56:25+0700,17.8,196176,0.2,355808
2026-08-12T17:56:26+0700,19.7,196192,0.0,355808
2026-08-12T17:56:27+0700,15.3,196272,0.1,355824
2026-08-12T17:56:28+0700,15.6,196304,0.0,355824
2026-08-12T17:56:30+0700,11.9,196304,0.0,355824
2026-08-12T17:56:31+0700,11.6,196320,0.0,355824
2026-08-12T17:56:32+0700,10.7,196320,0.0,355824
2026-08-12T17:56:33+0700,11.8,196320,0.0,355824
2026-08-12T17:56:34+0700,11.6,196480,0.0,355824
2026-08-12T17:56:35+0700,12.8,196528,0.0,355824
2026-08-12T17:56:36+0700,20.9,196576,0.0,355824
2026-08-12T17:56:37+0700,16.5,196576,0.0,355824
2026-08-12T17:56:38+0700,16.9,196592,0.0,355824
2026-08-12T17:56:39+0700,16.7,196624,0.0,355824
2026-08-12T17:56:40+0700,13.9,196624,0.0,355856
2026-08-12T17:56:41+0700,11.3,196704,0.0,355856
2026-08-12T17:56:42+0700,9.5,196704,0.0,355856
2026-08-12T17:56:43+0700,11.3,196784,0.0,355856
2026-08-12T17:56:44+0700,11.4,196864,0.0,355856
2026-08-12T17:56:45+0700,15.6,196912,0.0,355856
2026-08-12T17:56:46+0700,15.1,196928,0.0,355856
2026-08-12T17:56:47+0700,17.5,196944,0.3,355856
2026-08-12T17:56:48+0700,13.2,196944,3.1,355856
2026-08-12T17:56:50+0700,13.6,196944,2.5,355904
2026-08-12T17:56:51+0700,9.5,196960,0.0,355904
2026-08-12T17:56:52+0700,10.0,196992,0.0,355920
2026-08-12T17:56:53+0700,12.4,197056,0.0,355920
2026-08-12T17:56:54+0700,14.7,197120,0.0,355920
2026-08-12T17:56:55+0700,13.2,197152,0.0,355920
2026-08-12T17:56:56+0700,15.1,197200,0.0,355920
2026-08-12T17:56:57+0700,17.6,197264,0.0,355920
2026-08-12T17:56:58+0700,15.5,197264,0.0,355920
2026-08-12T17:56:59+0700,14.9,197296,0.0,355920
2026-08-12T17:57:00+0700,18.0,197296,0.0,355936
2026-08-12T17:57:01+0700,18.9,197296,0.0,355936
2026-08-12T17:57:02+0700,13.9,197312,0.0,355936
2026-08-12T17:57:03+0700,17.6,197376,0.0,355936
2026-08-12T17:57:04+0700,19.7,197488,0.0,355952
2026-08-12T17:57:05+0700,15.0,197520,0.0,355952
2026-08-12T17:57:06+0700,14.7,197584,0.0,355952
2026-08-12T17:57:07+0700,17.0,197664,0.0,355952
2026-08-12T17:57:08+0700,12.8,197664,0.0,355952
2026-08-12T17:57:09+0700,15.2,197664,0.0,355952
2026-08-12T17:57:11+0700,19.3,197680,0.0,355952
2026-08-12T17:57:12+0700,19.8,197680,0.0,355952
2026-08-12T17:57:13+0700,19.6,197728,0.0,355952
2026-08-12T17:57:14+0700,20.3,197728,0.0,355952
2026-08-12T17:57:15+0700,14.1,197728,0.0,355952
2026-08-12T17:57:16+0700,12.6,197728,0.0,355952
2026-08-12T17:57:17+0700,13.5,197728,0.0,355968
2026-08-12T17:57:18+0700,13.2,197728,0.0,355968
2026-08-12T17:57:19+0700,13.5,197744,0.0,355984
2026-08-12T17:57:20+0700,10.9,197744,0.0,355984
2026-08-12T17:57:21+0700,19.8,197760,0.0,355984
2026-08-12T17:57:22+0700,13.1,197760,0.0,355984
2026-08-12T17:57:23+0700,13.7,197760,0.0,355984
2026-08-12T17:57:24+0700,16.2,197760,0.0,355984
2026-08-12T17:57:25+0700,15.6,197776,0.0,355984
2026-08-12T17:57:26+0700,9.9,197776,0.0,355984
2026-08-12T17:57:27+0700,13.2,197776,0.0,355984
2026-08-12T17:57:28+0700,16.3,197792,0.0,355984
2026-08-12T17:57:29+0700,13.4,197792,0.0,356000
2026-08-12T17:57:30+0700,14.6,197792,0.0,356000
2026-08-12T17:57:31+0700,13.3,197904,0.0,356000
2026-08-12T17:57:32+0700,17.6,197920,0.0,356000
2026-08-12T17:57:34+0700,13.9,197968,0.0,356000
2026-08-12T17:57:35+0700,13.8,198000,0.0,356000
2026-08-12T17:57:36+0700,20.7,198000,0.0,356000
2026-08-12T17:57:37+0700,20.0,198096,0.0,356000
2026-08-12T17:57:38+0700,12.1,198144,0.0,356000
2026-08-12T17:57:39+0700,18.4,198144,0.0,356016
2026-08-12T17:57:40+0700,22.3,198144,0.0,356016
2026-08-12T17:57:41+0700,13.3,198160,0.0,356016
2026-08-12T17:57:42+0700,16.9,198224,0.0,356032
2026-08-12T17:57:43+0700,19.3,198336,0.0,356032
2026-08-12T17:57:44+0700,14.1,198400,0.0,356032
2026-08-12T17:57:45+0700,13.9,198416,0.0,356032
2026-08-12T17:57:46+0700,16.8,198432,0.0,356032
2026-08-12T17:57:47+0700,14.0,198496,0.0,356032
2026-08-12T17:57:48+0700,13.4,198496,0.0,356032
2026-08-12T17:57:49+0700,20.6,198496,0.0,356032
2026-08-12T17:57:50+0700,20.1,198512,0.0,356032
2026-08-12T17:57:51+0700,25.7,88672,0.0,356032
2026-08-12T17:57:52+0700,18.8,88896,0.0,356032
2026-08-12T17:57:53+0700,24.3,90304,0.0,356032
2026-08-12T17:57:55+0700,12.6,90528,0.0,356048
2026-08-12T17:57:56+0700,10.6,90592,0.0,356048
2026-08-12T17:57:57+0700,10.3,90736,0.0,356048
2026-08-12T17:57:58+0700,18.1,93648,0.0,356064
2026-08-12T17:57:59+0700,15.7,93776,0.0,356064
2026-08-12T17:58:00+0700,14.7,93776,0.0,356064
2026-08-12T17:58:01+0700,17.4,93856,0.0,356064
2026-08-12T17:58:02+0700,17.5,93888,0.0,356064
2026-08-12T17:58:03+0700,21.1,94000,0.0,356064
2026-08-12T17:58:04+0700,21.2,94032,0.0,356064
2026-08-12T17:58:05+0700,21.8,94064,0.0,356064
2026-08-12T17:58:06+0700,21.3,94080,0.0,356080
2026-08-12T17:58:07+0700,11.2,94224,0.0,356080
2026-08-12T17:58:08+0700,17.9,94240,0.0,356080
2026-08-12T17:58:09+0700,15.7,94256,0.0,356080
2026-08-12T17:58:10+0700,14.9,94288,0.0,356080
2026-08-12T17:58:11+0700,13.8,94288,0.0,356080
2026-08-12T17:58:12+0700,11.7,94672,0.0,356080
2026-08-12T17:58:13+0700,14.1,94704,0.0,356080
2026-08-12T17:58:14+0700,15.1,94752,0.0,356080
2026-08-12T17:58:15+0700,20.6,94800,0.0,356080
2026-08-12T17:58:16+0700,13.0,94816,0.0,356080
2026-08-12T17:58:18+0700,14.3,94880,0.0,356096
2026-08-12T17:58:19+0700,21.4,94880,0.0,356112
2026-08-12T17:58:20+0700,20.8,98064,0.0,356112
2026-08-12T17:58:21+0700,17.9,100880,0.0,356112
2026-08-12T17:58:22+0700,18.5,100880,0.0,356112
2026-08-12T17:58:23+0700,14.1,100880,0.0,356112
2026-08-12T17:58:24+0700,0.9,100880,0.0,356112
2026-08-12T17:58:25+0700,0.0,100880,0.0,356112
